timestamp,name,X,Y,pitch,loaded,material,destination_label,destination_id,task_id,status
0,1,20,7,180,false,,,,,idle
0,2,20,7,180,false,,,,,idle
0,3,20,7,180,false,,,,,idle
0,4,20,7,180,false,,,,,idle
0,5,20,7,180,false,,,,,idle
0,6,20,7,180,false,,,,,idle
1,1,19,7,180,false,,,,,to_pickup
1,2,20,7,180,false,,,,,idle
1,3,20,7,180,false,,,,,idle
1,4,20,7,180,false,,,,,idle
1,5,20,7,180,false,,,,,idle
1,6,20,7,180,false,,,,,idle
2,1,18,7,180,false,,,,,to_pickup
2,2,20,7,180,false,,,,,idle
2,3,20,7,180,false,,,,,idle
2,4,20,7,180,false,,,,,idle
2,5,20,7,180,false,,,,,idle
2,6,20,7,180,false,,,,,idle
3,1,17,7,180,false,,,,,to_pickup
3,2,20,7,180,false,,,,,idle
3,3,20,7,180,false,,,,,idle
3,4,20,7,180,false,,,,,idle
3,5,20,7,180,false,,,,,idle
3,6,20,7,180,false,,,,,idle
4,1,17,8,90,false,,,,,to_pickup
4,2,20,7,180,false,,,,,idle
4,3,20,7,180,false,,,,,idle
4,4,20,7,180,false,,,,,idle
4,5,20,7,180,false,,,,,idle
4,6,20,7,180,false,,,,,idle
5,1,17,9,90,false,,,,,to_pickup
5,2,20,7,180,false,,,,,idle
5,3,20,7,180,false,,,,,idle
5,4,20,7,180,false,,,,,idle
5,5,20,7,180,false,,,,,idle
5,6,20,7,180,false,,,,,idle
6,1,17,9,90,false,,,,,loading
6,2,20,7,180,false,,,,,idle
6,3,20,7,180,false,,,,,idle
6,4,20,7,180,false,,,,,idle
6,5,20,7,180,false,,,,,idle
6,6,20,7,180,false,,,,,idle
7,1,17,9,90,false,,,,,loading
7,2,20,7,180,false,,,,,idle
7,3,20,7,180,false,,,,,idle
7,4,20,7,180,false,,,,,idle
7,5,20,7,180,false,,,,,idle
7,6,20,7,180,false,,,,,idle
8,1,16,9,180,true,M5,200D,DP-200D-01,T0012,delivering
8,2,20,7,180,false,,,,,idle
8,3,20,7,180,false,,,,,idle
8,4,20,7,180,false,,,,,idle
8,5,20,7,180,false,,,,,idle
8,6,20,7,180,false,,,,,idle
9,1,15,9,180,true,M5,200D,DP-200D-01,T0012,delivering
9,3,20,7,180,false,,,,,idle
9,4,20,7,180,false,,,,,idle
9,5,20,7,180,false,,,,,idle
9,6,20,7,180,false,,,,,idle
10,1,14,9,180,true,M5,200D,DP-200D-01,T0012,delivering
10,2,19,7,180,false,,,,,to_pickup
10,3,20,7,180,false,,,,,idle
10,4,20,7,180,false,,,,,idle
10,5,20,7,180,false,,,,,idle
10,6,20,7,180,false,,,,,idle
11,1,13,9,180,true,M5,200D,DP-200D-01,T0012,delivering
11,2,18,7,180,false,,,,,to_pickup
11,3,20,7,180,false,,,,,idle
11,4,20,7,180,false,,,,,idle
11,5,20,7,180,false,,,,,idle
11,6,20,7,180,false,,,,,idle
12,1,13,9,180,true,M5,200D,DP-200D-01,T0012,unloading
12,2,17,7,180,false,,,,,to_pickup
12,4,20,7,180,false,,,,,idle
12,5,20,7,180,false,,,,,idle
12,6,20,7,180,false,,,,,idle
13,1,13,9,180,true,M5,200D,DP-200D-01,T0012,unloading
13,2,17,8,90,false,,,,,to_pickup
13,3,19,7,180,false,,,,,to_pickup
13,4,20,7,180,false,,,,,idle
13,5,20,7,180,false,,,,,idle
13,6,20,7,180,false,,,,,idle
14,1,14,9,180,false,,,,,to_pickup
14,2,17,9,90,false,,,,,to_pickup
14,3,18,7,180,false,,,,,to_pickup
14,4,20,7,180,false,,,,,idle
14,5,20,7,180,false,,,,,idle
14,6,20,7,180,false,,,,,idle
15,1,15,9,180,false,,,,,to_pickup
15,2,17,10,90,false,,,,,to_pickup
15,3,17,7,180,false,,,,,to_pickup
15,4,20,7,180,false,,,,,idle
15,5,20,7,180,false,,,,,idle
15,6,20,7,180,false,,,,,idle
16,1,16,9,180,false,,,,,to_pickup
16,2,17,11,90,false,,,,,to_pickup
16,3,17,8,90,false,,,,,to_pickup
16,5,20,7,180,false,,,,,idle
16,6,20,7,180,false,,,,,idle
17,1,17,9,180,false,,,,,to_pickup
17,2,17,11,90,false,,,,,to_pickup
17,3,17,8,90,false,,,,,to_pickup
17,4,19,7,180,false,,,,,to_pickup
17,5,20,7,180,false,,,,,idle
17,6,20,7,180,false,,,,,idle
18,1,17,9,180,false,,,,,loading
18,2,17,11,90,false,,,,,to_pickup
18,3,17,8,90,false,,,,,to_pickup
18,4,18,7,180,false,,,,,to_pickup
18,5,20,7,180,false,,,,,idle
19,1,17,9,180,false,,,,,loading
19,2,17,11,90,false,,,,,to_pickup
19,3,17,8,90,false,,,,,to_pickup
19,4,17,7,180,false,,,,,to_pickup
19,6,19,7,180,false,,,,,to_pickup
20,1,16,9,180,true,M1,209D,DP-209D-01,T0016,delivering
20,2,17,11,90,false,,,,,loading
20,3,17,9,90,false,,,,,to_pickup
20,4,17,8,90,false,,,,,to_pickup
20,5,19,7,180,false,,,,,to_pickup
20,6,19,8,90,false,,,,,to_pickup
21,1,15,9,180,true,M1,209D,DP-209D-01,T0016,delivering
21,2,17,11,90,false,,,,,loading
21,3,17,10,90,false,,,,,to_pickup
21,4,17,9,90,false,,,,,to_pickup
21,5,18,7,180,false,,,,,to_pickup
21,6,19,9,90,false,,,,,to_pickup
22,1,14,9,180,true,M1,209D,DP-209D-01,T0016,delivering
22,2,16,11,180,true,M1,130B,DP-130B-01,T0003,delivering
22,3,17,11,90,false,,,,,to_pickup
22,4,17,9,90,false,,,,,loading
22,5,17,7,180,false,,,,,to_pickup
22,6,19,10,90,false,,,,,to_pickup
23,1,13,9,180,true,M1,209D,DP-209D-01,T0016,delivering
23,2,15,11,180,true,M1,130B,DP-130B-01,T0003,delivering
23,3,17,11,90,false,,,,,loading
23,4,17,9,90,false,,,,,loading
23,5,17,8,90,false,,,,,to_pickup
23,6,19,11,90,false,,,,,to_pickup
24,1,13,8,270,true,M1,209D,DP-209D-01,T0016,delivering
24,2,14,11,180,true,M1,130B,DP-130B-01,T0003,delivering
24,3,17,11,90,false,,,,,loading
24,4,16,9,180,true,M3,140C,DP-140C-01,T0007,delivering
24,5,17,9,90,false,,,,,to_pickup
24,6,18,11,180,false,,,,,to_pickup
25,1,13,8,270,true,M1,209D,DP-209D-01,T0016,unloading
25,2,13,11,180,true,M1,130B,DP-130B-01,T0003,delivering
25,3,16,11,180,true,M2,209G,DP-209G-01,T0019,delivering
25,4,15,9,180,true,M3,140C,DP-140C-01,T0007,delivering
25,5,17,9,90,false,,,,,loading
25,6,17,11,180,false,,,,,to_pickup
26,1,13,8,270,true,M1,209D,DP-209D-01,T0016,unloading
26,2,12,11,180,true,M1,130B,DP-130B-01,T0003,delivering
26,3,15,11,180,true,M2,209G,DP-209G-01,T0019,delivering
26,4,14,9,180,true,M3,140C,DP-140C-01,T0007,delivering
26,5,17,9,90,false,,,,,loading
26,6,17,11,180,false,,,,,loading
27,1,13,9,90,false,,,,,to_pickup
27,2,11,11,180,true,M1,130B,DP-130B-01,T0003,delivering
27,3,14,11,180,true,M2,209G,DP-209G-01,T0019,delivering
27,4,14,10,90,true,M3,140C,DP-140C-01,T0007,delivering
27,5,16,9,180,true,M2,209A,DP-209A-01,T0013,delivering
27,6,17,11,180,false,,,,,loading
28,1,14,9,90,false,,,,,to_pickup
28,2,11,12,90,true,M1,130B,DP-130B-01,T0003,delivering
28,3,13,11,180,true,M2,209G,DP-209G-01,T0019,delivering
28,4,14,11,90,true,M3,140C,DP-140C-01,T0007,delivering
28,5,15,9,180,true,M2,209A,DP-209A-01,T0013,delivering
28,6,16,11,180,true,M3,209H,DP-209H-01,T0020,delivering
29,1,15,9,90,false,,,,,to_pickup
29,2,11,13,90,true,M1,130B,DP-130B-01,T0003,delivering
29,3,12,11,180,true,M2,209G,DP-209G-01,T0019,delivering
29,4,13,11,180,true,M3,140C,DP-140C-01,T0007,delivering
29,5,15,8,270,true,M2,209A,DP-209A-01,T0013,delivering
29,6,15,11,180,true,M3,209H,DP-209H-01,T0020,delivering
30,1,16,9,90,false,,,,,to_pickup
30,2,11,14,90,true,M1,130B,DP-130B-01,T0003,delivering
30,3,11,11,180,true,M2,209G,DP-209G-01,T0019,delivering
30,4,12,11,180,true,M3,140C,DP-140C-01,T0007,delivering
30,5,14,8,180,true,M2,209A,DP-209A-01,T0013,delivering
30,6,14,11,180,true,M3,209H,DP-209H-01,T0020,delivering
31,1,17,9,90,false,,,,,to_pickup
31,2,10,14,180,true,M1,130B,DP-130B-01,T0003,delivering
31,3,11,10,270,true,M2,209G,DP-209G-01,T0019,delivering
31,4,11,11,180,true,M3,140C,DP-140C-01,T0007,delivering
31,5,13,8,180,true,M2,209A,DP-209A-01,T0013,delivering
31,6,14,10,270,true,M3,209H,DP-209H-01,T0020,delivering
32,1,17,9,90,false,,,,,loading
32,2,10,15,90,true,M1,130B,DP-130B-01,T0003,delivering
32,3,11,9,270,true,M2,209G,DP-209G-01,T0019,delivering
32,4,10,11,180,true,M3,140C,DP-140C-01,T0007,delivering
32,5,12,8,180,true,M2,209A,DP-209A-01,T0013,delivering
32,6,14,9,270,true,M3,209H,DP-209H-01,T0020,delivering
33,1,17,9,90,false,,,,,loading
33,2,10,15,90,true,M1,130B,DP-130B-01,T0003,unloading
33,3,11,8,270,true,M2,209G,DP-209G-01,T0019,delivering
33,4,10,12,90,true,M3,140C,DP-140C-01,T0007,delivering
33,5,12,8,180,true,M2,209A,DP-209A-01,T0013,delivering
33,6,14,8,270,true,M3,209H,DP-209H-01,T0020,delivering
34,1,16,9,180,true,M1,140D,DP-140D-01,T0008,delivering
34,2,10,15,90,true,M1,130B,DP-130B-01,T0003,unloading
34,3,11,7,270,true,M2,209G,DP-209G-01,T0019,delivering
34,4,10,12,90,true,M3,140C,DP-140C-01,T0007,unloading
34,5,11,8,180,true,M2,209A,DP-209A-01,T0013,delivering
34,6,14,7,270,true,M3,209H,DP-209H-01,T0020,delivering
35,1,15,9,180,true,M1,140D,DP-140D-01,T0008,delivering
35,2,10,14,270,false,,,,,return_home
35,3,11,6,270,true,M2,209G,DP-209G-01,T0019,delivering
35,4,10,12,90,true,M3,140C,DP-140C-01,T0007,unloading
35,5,10,8,180,true,M2,209A,DP-209A-01,T0013,delivering
35,6,14,6,270,true,M3,209H,DP-209H-01,T0020,delivering
36,1,14,9,180,true,M1,140D,DP-140D-01,T0008,delivering
36,2,11,14,270,false,,,,,return_home
36,3,10,6,180,true,M2,209G,DP-209G-01,T0019,delivering
36,4,10,11,270,false,,,,,return_home
36,5,9,8,180,true,M2,209A,DP-209A-01,T0013,delivering
36,6,13,6,180,true,M3,209H,DP-209H-01,T0020,delivering
37,1,14,10,90,true,M1,140D,DP-140D-01,T0008,delivering
37,2,11,13,270,false,,,,,return_home
37,3,10,5,270,true,M2,209G,DP-209G-01,T0019,delivering
37,4,11,11,270,false,,,,,return_home
37,5,8,8,180,true,M2,209A,DP-209A-01,T0013,delivering
37,6,13,5,270,true,M3,209H,DP-209H-01,T0020,delivering
38,1,14,11,90,true,M1,140D,DP-140D-01,T0008,delivering
38,2,11,12,270,false,,,,,return_home
38,3,10,5,270,true,M2,209G,DP-209G-01,T0019,unloading
38,4,11,10,270,false,,,,,return_home
38,5,7,8,180,true,M2,209A,DP-209A-01,T0013,delivering
38,6,13,5,270,true,M3,209H,DP-209H-01,T0020,unloading
39,1,13,11,180,true,M1,140D,DP-140D-01,T0008,delivering
39,2,11,11,270,false,,,,,return_home
39,3,10,5,270,true,M2,209G,DP-209G-01,T0019,unloading
39,4,11,9,270,false,,,,,return_home
39,5,6,8,180,true,M2,209A,DP-209A-01,T0013,delivering
39,6,13,5,270,true,M3,209H,DP-209H-01,T0020,unloading
40,1,13,12,90,true,M1,140D,DP-140D-01,T0008,delivering
40,2,11,10,270,false,,,,,return_home
40,3,10,6,90,false,,,,,return_home
40,4,11,8,270,false,,,,,return_home
40,5,5,8,180,true,M2,209A,DP-209A-01,T0013,delivering
40,6,13,6,90,false,,,,,return_home
41,1,13,12,90,true,M1,140D,DP-140D-01,T0008,unloading
41,2,11,9,270,false,,,,,return_home
41,3,11,6,90,false,,,,,return_home
41,4,12,8,270,false,,,,,return_home
41,5,4,8,180,true,M2,209A,DP-209A-01,T0013,delivering
41,6,14,6,90,false,,,,,return_home
42,1,13,12,90,true,M1,140D,DP-140D-01,T0008,unloading
42,2,11,8,270,false,,,,,return_home
42,3,12,6,90,false,,,,,return_home
42,4,13,8,270,false,,,,,return_home
42,5,4,8,180,true,M2,209A,DP-209A-01,T0013,unloading
42,6,14,7,90,false,,,,,return_home
43,1,13,11,270,false,,,,,to_pickup
43,2,12,8,270,false,,,,,return_home
43,3,13,6,90,false,,,,,return_home
43,4,14,8,270,false,,,,,return_home
43,5,4,8,180,true,M2,209A,DP-209A-01,T0013,unloading
43,6,15,7,90,false,,,,,return_home
44,1,14,11,270,false,,,,,to_pickup
44,2,13,8,270,false,,,,,return_home
44,3,14,6,90,false,,,,,return_home
44,4,14,7,270,false,,,,,return_home
44,5,5,8,180,false,,,,,return_home
44,6,16,7,90,false,,,,,return_home
45,1,15,11,270,false,,,,,to_pickup
45,2,14,8,270,false,,,,,return_home
45,3,14,7,90,false,,,,,return_home
45,4,15,7,270,false,,,,,return_home
45,5,6,8,180,false,,,,,return_home
45,6,17,7,90,false,,,,,return_home
46,1,16,11,270,false,,,,,to_pickup
46,2,14,7,270,false,,,,,return_home
46,3,15,7,90,false,,,,,return_home
46,4,16,7,270,false,,,,,return_home
46,5,7,8,180,false,,,,,return_home
46,6,18,7,90,false,,,,,return_home
47,1,17,11,270,false,,,,,to_pickup
47,2,15,7,270,false,,,,,return_home
47,3,16,7,90,false,,,,,return_home
47,4,17,7,270,false,,,,,return_home
47,5,8,8,180,false,,,,,return_home
47,6,19,7,90,false,,,,,return_home
48,1,17,11,270,false,,,,,loading
48,2,16,7,270,false,,,,,return_home
48,3,17,7,90,false,,,,,return_home
48,4,18,7,270,false,,,,,return_home
48,5,9,8,180,false,,,,,return_home
48,6,20,7,90,false,,,,,return_home
49,1,17,11,270,false,,,,,loading
49,2,17,7,270,false,,,,,return_home
49,3,18,7,90,false,,,,,return_home
49,4,19,7,270,false,,,,,return_home
49,5,10,8,180,false,,,,,return_home
49,6,20,8,90,false,,,,,to_pickup
50,1,16,11,180,true,M1,140B,DP-140B-01,T0006,delivering
50,2,18,7,270,false,,,,,return_home
50,3,19,7,90,false,,,,,return_home
50,4,20,7,270,false,,,,,return_home
50,5,11,8,180,false,,,,,return_home
50,6,19,8,180,false,,,,,to_pickup
51,1,15,11,180,true,M1,140B,DP-140B-01,T0006,delivering
51,2,19,7,270,false,,,,,return_home
51,3,20,7,90,false,,,,,return_home
51,4,20,8,90,false,,,,,to_pickup
51,5,12,8,180,false,,,,,return_home
51,6,18,8,180,false,,,,,to_pickup
52,1,14,11,180,true,M1,140B,DP-140B-01,T0006,delivering
52,2,20,7,270,false,,,,,return_home
52,3,20,8,90,false,,,,,to_pickup
52,4,19,8,180,false,,,,,to_pickup
52,5,13,8,180,false,,,,,return_home
52,6,17,8,180,false,,,,,to_pickup
53,1,13,11,180,true,M1,140B,DP-140B-01,T0006,delivering
53,2,19,7,180,false,,,,,to_pickup
53,3,19,8,180,false,,,,,to_pickup
53,4,18,8,180,false,,,,,to_pickup
53,5,14,8,180,false,,,,,return_home
53,6,17,9,90,false,,,,,to_pickup
54,1,12,11,180,true,M1,140B,DP-140B-01,T0006,delivering
54,2,18,7,180,false,,,,,to_pickup
54,3,18,8,180,false,,,,,to_pickup
54,4,17,8,180,false,,,,,to_pickup
54,5,14,7,270,false,,,,,return_home
54,6,17,9,90,false,,,,,loading
55,1,11,11,180,true,M1,140B,DP-140B-01,T0006,delivering
55,2,17,7,180,false,,,,,to_pickup
55,3,17,8,180,false,,,,,to_pickup
55,4,16,8,180,false,,,,,to_pickup
55,5,15,7,270,false,,,,,return_home
55,6,17,9,90,false,,,,,loading
56,1,10,11,180,true,M1,140B,DP-140B-01,T0006,delivering
56,2,17,8,90,false,,,,,to_pickup
56,3,17,9,90,false,,,,,to_pickup
56,4,16,8,180,false,,,,,to_pickup
56,5,16,7,270,false,,,,,return_home
56,6,16,9,180,true,M3,200A,DP-200A-01,T0009,delivering
57,1,9,11,180,true,M1,140B,DP-140B-01,T0006,delivering
57,2,17,9,90,false,,,,,to_pickup
57,3,17,10,90,false,,,,,to_pickup
57,4,17,8,180,false,,,,,to_pickup
57,5,17,7,270,false,,,,,return_home
57,6,15,9,180,true,M3,200A,DP-200A-01,T0009,delivering
58,1,8,11,180,true,M1,140B,DP-140B-01,T0006,delivering
58,2,17,9,90,false,,,,,loading
58,3,17,11,90,false,,,,,to_pickup
58,4,17,8,180,false,,,,,to_pickup
58,5,18,7,270,false,,,,,return_home
58,6,14,9,180,true,M3,200A,DP-200A-01,T0009,delivering
59,1,7,11,180,true,M1,140B,DP-140B-01,T0006,delivering
59,2,17,9,90,false,,,,,loading
59,3,17,11,90,false,,,,,loading
59,4,17,8,180,false,,,,,to_pickup
59,5,19,7,270,false,,,,,return_home
59,6,13,9,180,true,M3,200A,DP-200A-01,T0009,delivering
60,1,7,12,90,true,M1,140B,DP-140B-01,T0006,delivering
60,2,16,9,180,true,M2,209C,DP-209C-01,T0015,delivering
60,3,17,11,90,false,,,,,loading
60,4,17,9,90,false,,,,,to_pickup
60,5,20,7,270,false,,,,,return_home
60,6,12,9,180,true,M3,200A,DP-200A-01,T0009,delivering
61,1,7,12,90,true,M1,140B,DP-140B-01,T0006,unloading
61,2,15,9,180,true,M2,209C,DP-209C-01,T0015,delivering
61,3,16,11,180,true,M4,140A,DP-140A-01,T0005,delivering
61,4,17,9,90,false,,,,,loading
61,5,19,7,180,false,,,,,to_pickup
61,6,11,9,180,true,M3,200A,DP-200A-01,T0009,delivering
62,1,7,12,90,true,M1,140B,DP-140B-01,T0006,unloading
62,2,14,9,180,true,M2,209C,DP-209C-01,T0015,delivering
62,3,15,11,180,true,M4,140A,DP-140A-01,T0005,delivering
62,4,17,9,90,false,,,,,loading
62,5,18,7,180,false,,,,,to_pickup
62,6,10,9,180,true,M3,200A,DP-200A-01,T0009,delivering
63,1,8,12,90,false,,,,,return_home
63,2,13,9,180,true,M2,209C,DP-209C-01,T0015,delivering
63,3,14,11,180,true,M4,140A,DP-140A-01,T0005,delivering
63,4,16,9,180,true,M5,209F,DP-209F-01,T0018,delivering
63,5,17,7,180,false,,,,,to_pickup
63,6,9,9,180,true,M3,200A,DP-200A-01,T0009,delivering
64,1,9,12,90,false,,,,,return_home
64,2,12,9,180,true,M2,209C,DP-209C-01,T0015,delivering
64,3,13,11,180,true,M4,140A,DP-140A-01,T0005,delivering
64,4,15,9,180,true,M5,209F,DP-209F-01,T0018,delivering
64,5,17,8,90,false,,,,,to_pickup
64,6,8,9,180,true,M3,200A,DP-200A-01,T0009,delivering
65,1,10,12,90,false,,,,,return_home
65,2,11,9,180,true,M2,209C,DP-209C-01,T0015,delivering
65,3,12,11,180,true,M4,140A,DP-140A-01,T0005,delivering
65,4,14,9,180,true,M5,209F,DP-209F-01,T0018,delivering
65,5,17,9,90,false,,,,,to_pickup
65,6,7,9,180,true,M3,200A,DP-200A-01,T0009,delivering
66,1,11,12,90,false,,,,,return_home
66,2,10,9,180,true,M2,209C,DP-209C-01,T0015,delivering
66,3,11,11,180,true,M4,140A,DP-140A-01,T0005,delivering
66,4,13,9,180,true,M5,209F,DP-209F-01,T0018,delivering
66,5,17,9,90,false,,,,,loading
66,6,6,9,180,true,M3,200A,DP-200A-01,T0009,delivering
67,1,11,11,270,false,,,,,return_home
67,2,10,8,270,true,M2,209C,DP-209C-01,T0015,delivering
67,3,10,11,180,true,M4,140A,DP-140A-01,T0005,delivering
67,4,12,9,180,true,M5,209F,DP-209F-01,T0018,delivering
67,5,17,9,90,false,,,,,loading
67,6,5,9,180,true,M3,200A,DP-200A-01,T0009,delivering
68,1,12,11,270,false,,,,,return_home
68,2,10,8,270,true,M2,209C,DP-209C-01,T0015,unloading
68,3,9,11,180,true,M4,140A,DP-140A-01,T0005,delivering
68,4,11,9,180,true,M5,209F,DP-209F-01,T0018,delivering
68,5,16,9,180,true,M2,209E,DP-209E-01,T0017,delivering
68,6,4,9,180,true,M3,200A,DP-200A-01,T0009,delivering
69,1,13,11,270,false,,,,,return_home
69,2,10,8,270,true,M2,209C,DP-209C-01,T0015,unloading
69,3,8,11,180,true,M4,140A,DP-140A-01,T0005,delivering
69,4,10,9,180,true,M5,209F,DP-209F-01,T0018,delivering
69,5,15,9,180,true,M2,209E,DP-209E-01,T0017,delivering
69,6,4,9,180,true,M3,200A,DP-200A-01,T0009,unloading
70,1,14,11,270,false,,,,,return_home
70,2,11,8,270,false,,,,,return_home
70,3,7,11,180,true,M4,140A,DP-140A-01,T0005,delivering
70,4,9,9,180,true,M5,209F,DP-209F-01,T0018,delivering
70,5,14,9,180,true,M2,209E,DP-209E-01,T0017,delivering
70,6,4,9,180,true,M3,200A,DP-200A-01,T0009,unloading
71,1,14,10,270,false,,,,,return_home
71,2,12,8,270,false,,,,,return_home
71,3,6,11,180,true,M4,140A,DP-140A-01,T0005,delivering
71,4,8,9,180,true,M5,209F,DP-209F-01,T0018,delivering
71,5,13,9,180,true,M2,209E,DP-209E-01,T0017,delivering
71,6,4,8,270,false,,,,,return_home
72,1,14,9,270,false,,,,,return_home
72,2,13,8,270,false,,,,,return_home
72,3,5,11,180,true,M4,140A,DP-140A-01,T0005,delivering
72,4,8,8,270,true,M5,209F,DP-209F-01,T0018,delivering
72,5,12,9,180,true,M2,209E,DP-209E-01,T0017,delivering
72,6,5,8,270,false,,,,,return_home
73,1,15,9,270,false,,,,,return_home
73,2,14,8,270,false,,,,,return_home
73,3,4,11,180,true,M4,140A,DP-140A-01,T0005,delivering
73,4,8,7,270,true,M5,209F,DP-209F-01,T0018,delivering
73,5,11,9,180,true,M2,209E,DP-209E-01,T0017,delivering
73,6,6,8,270,false,,,,,return_home
74,1,15,8,270,false,,,,,return_home
74,2,14,7,270,false,,,,,return_home
74,3,4,12,90,true,M4,140A,DP-140A-01,T0005,delivering
74,4,8,6,270,true,M5,209F,DP-209F-01,T0018,delivering
74,5,10,9,180,true,M2,209E,DP-209E-01,T0017,delivering
74,6,7,8,270,false,,,,,return_home
75,1,16,8,270,false,,,,,return_home
75,2,15,7,270,false,,,,,return_home
75,3,4,12,90,true,M4,140A,DP-140A-01,T0005,unloading
75,4,7,6,180,true,M5,209F,DP-209F-01,T0018,delivering
75,5,9,9,180,true,M2,209E,DP-209E-01,T0017,delivering
75,6,8,8,270,false,,,,,return_home
76,1,17,8,270,false,,,,,return_home
76,2,16,7,270,false,,,,,return_home
76,3,4,12,90,true,M4,140A,DP-140A-01,T0005,unloading
76,4,7,5,270,true,M5,209F,DP-209F-01,T0018,delivering
76,5,8,9,180,true,M2,209E,DP-209E-01,T0017,delivering
76,6,9,8,270,false,,,,,return_home
77,1,18,8,270,false,,,,,return_home
77,2,17,7,270,false,,,,,return_home
77,3,4,11,270,false,,,,,return_home
77,4,7,5,270,true,M5,209F,DP-209F-01,T0018,unloading
77,5,7,9,180,true,M2,209E,DP-209E-01,T0017,delivering
77,6,10,8,270,false,,,,,return_home
78,1,19,8,270,false,,,,,return_home
78,2,18,7,270,false,,,,,return_home
78,3,5,11,270,false,,,,,return_home
78,4,7,5,270,true,M5,209F,DP-209F-01,T0018,unloading
78,5,6,9,180,true,M2,209E,DP-209E-01,T0017,delivering
78,6,11,8,270,false,,,,,return_home
79,1,20,8,270,false,,,,,return_home
79,2,19,7,270,false,,,,,return_home
79,3,5,10,270,false,,,,,return_home
79,4,7,6,90,false,,,,,return_home
79,5,5,9,180,true,M2,209E,DP-209E-01,T0017,delivering
79,6,12,8,270,false,,,,,return_home
80,1,20,8,270,false,,,,,return_home
80,2,20,7,270,false,,,,,return_home
80,3,5,9,270,false,,,,,return_home
80,4,8,6,90,false,,,,,return_home
80,5,5,8,270,true,M2,209E,DP-209E-01,T0017,delivering
80,6,13,8,270,false,,,,,return_home
81,1,20,7,270,false,,,,,return_home
81,2,19,7,180,false,,,,,to_pickup
81,3,5,8,270,false,,,,,return_home
81,4,9,6,90,false,,,,,return_home
81,5,5,7,270,true,M2,209E,DP-209E-01,T0017,delivering
81,6,14,8,270,false,,,,,return_home
82,1,19,7,180,false,,,,,to_pickup
82,2,18,7,180,false,,,,,to_pickup
82,3,6,8,270,false,,,,,return_home
82,4,10,6,90,false,,,,,return_home
82,5,5,6,270,true,M2,209E,DP-209E-01,T0017,delivering
82,6,14,7,270,false,,,,,return_home
83,1,19,8,90,false,,,,,to_pickup
83,2,17,7,180,false,,,,,to_pickup
83,3,7,8,270,false,,,,,return_home
83,4,11,6,90,false,,,,,return_home
83,5,4,6,180,true,M2,209E,DP-209E-01,T0017,delivering
83,6,15,7,270,false,,,,,return_home
84,1,19,9,90,false,,,,,to_pickup
84,2,17,8,90,false,,,,,to_pickup
84,3,8,8,270,false,,,,,return_home
84,4,12,6,90,false,,,,,return_home
84,5,4,5,270,true,M2,209E,DP-209E-01,T0017,delivering
84,6,16,7,270,false,,,,,return_home
85,1,19,10,90,false,,,,,to_pickup
85,2,17,9,90,false,,,,,to_pickup
85,3,9,8,270,false,,,,,return_home
85,4,13,6,90,false,,,,,return_home
85,5,4,5,270,true,M2,209E,DP-209E-01,T0017,unloading
85,6,17,7,270,false,,,,,return_home
86,1,19,11,90,false,,,,,to_pickup
86,2,17,9,90,false,,,,,loading
86,3,10,8,270,false,,,,,return_home
86,4,14,6,90,false,,,,,return_home
86,5,4,5,270,true,M2,209E,DP-209E-01,T0017,unloading
86,6,18,7,270,false,,,,,return_home
87,1,18,11,180,false,,,,,to_pickup
87,2,17,9,90,false,,,,,loading
87,3,11,8,270,false,,,,,return_home
87,4,15,6,90,false,,,,,return_home
87,5,4,6,90,false,,,,,return_home
87,6,19,7,270,false,,,,,return_home
88,1,17,11,180,false,,,,,to_pickup
88,2,16,9,180,true,M3,130A,DP-130A-01,T0001,delivering
88,3,12,8,270,false,,,,,return_home
88,4,16,6,90,false,,,,,return_home
88,5,5,6,90,false,,,,,return_home
88,6,20,7,270,false,,,,,return_home
89,1,17,11,180,false,,,,,loading
89,2,15,9,180,true,M3,130A,DP-130A-01,T0001,delivering
89,3,13,8,270,false,,,,,return_home
89,4,17,6,90,false,,,,,return_home
89,5,6,6,90,false,,,,,return_home
89,6,19,7,180,false,,,,,to_pickup
90,1,17,11,180,false,,,,,loading
90,2,14,9,180,true,M3,130A,DP-130A-01,T0001,delivering
90,3,14,8,270,false,,,,,return_home
90,4,18,6,90,false,,,,,return_home
90,5,7,6,90,false,,,,,return_home
90,6,18,7,180,false,,,,,to_pickup
91,1,16,11,180,true,M5,130C,DP-130C-01,T0004,delivering
91,2,13,9,180,true,M3,130A,DP-130A-01,T0001,delivering
91,3,15,8,270,false,,,,,return_home
91,4,18,7,90,false,,,,,return_home
91,5,8,6,90,false,,,,,return_home
91,6,17,7,180,false,,,,,to_pickup
92,1,15,11,180,true,M5,130C,DP-130C-01,T0004,delivering
92,2,12,9,180,true,M3,130A,DP-130A-01,T0001,delivering
92,3,16,8,270,false,,,,,return_home
92,4,19,7,90,false,,,,,return_home
92,5,9,6,90,false,,,,,return_home
92,6,17,8,90,false,,,,,to_pickup
93,1,14,11,180,true,M5,130C,DP-130C-01,T0004,delivering
93,2,11,9,180,true,M3,130A,DP-130A-01,T0001,delivering
93,3,17,8,270,false,,,,,return_home
93,4,20,7,90,false,,,,,return_home
93,5,10,6,90,false,,,,,return_home
93,6,17,9,90,false,,,,,to_pickup
94,1,14,12,90,true,M5,130C,DP-130C-01,T0004,delivering
94,2,10,9,180,true,M3,130A,DP-130A-01,T0001,delivering
94,3,18,8,270,false,,,,,return_home
94,4,19,7,180,false,,,,,to_pickup
94,5,11,6,90,false,,,,,return_home
94,6,17,9,90,false,,,,,loading
95,1,14,13,90,true,M5,130C,DP-130C-01,T0004,delivering
95,2,9,9,180,true,M3,130A,DP-130A-01,T0001,delivering
95,3,19,8,270,false,,,,,return_home
95,4,18,7,180,false,,,,,to_pickup
95,5,12,6,90,false,,,,,return_home
95,6,17,9,90,false,,,,,loading
96,1,14,14,90,true,M5,130C,DP-130C-01,T0004,delivering
96,2,8,9,180,true,M3,130A,DP-130A-01,T0001,delivering
96,3,19,7,270,false,,,,,return_home
96,4,17,7,180,false,,,,,to_pickup
96,5,13,6,90,false,,,,,return_home
96,6,16,9,180,true,M4,200B,DP-200B-01,T0010,delivering
97,1,13,14,180,true,M5,130C,DP-130C-01,T0004,delivering
97,2,7,9,180,true,M3,130A,DP-130A-01,T0001,delivering
97,3,20,7,270,false,,,,,return_home
97,4,17,8,90,false,,,,,to_pickup
97,5,14,6,90,false,,,,,return_home
97,6,15,9,180,true,M4,200B,DP-200B-01,T0010,delivering
98,1,13,15,90,true,M5,130C,DP-130C-01,T0004,delivering
98,2,6,9,180,true,M3,130A,DP-130A-01,T0001,delivering
98,3,19,7,180,false,,,,,to_pickup
98,4,17,9,90,false,,,,,to_pickup
98,5,14,7,90,false,,,,,return_home
98,6,14,9,180,true,M4,200B,DP-200B-01,T0010,delivering
99,1,13,15,90,true,M5,130C,DP-130C-01,T0004,unloading
99,2,5,9,180,true,M3,130A,DP-130A-01,T0001,delivering
99,3,18,7,180,false,,,,,to_pickup
99,4,17,9,90,false,,,,,loading
99,5,15,7,90,false,,,,,return_home
99,6,13,9,180,true,M4,200B,DP-200B-01,T0010,delivering
100,1,13,15,90,true,M5,130C,DP-130C-01,T0004,unloading
100,2,5,10,90,true,M3,130A,DP-130A-01,T0001,delivering
100,3,17,7,180,false,,,,,to_pickup
100,4,17,9,90,false,,,,,loading
100,5,16,7,90,false,,,,,return_home
100,6,12,9,180,true,M4,200B,DP-200B-01,T0010,delivering
101,1,13,14,270,false,,,,,return_home
101,2,5,11,90,true,M3,130A,DP-130A-01,T0001,delivering
101,3,17,8,90,false,,,,,to_pickup
101,4,16,9,180,true,M1,200C,DP-200C-01,T0011,delivering
101,5,17,7,90,false,,,,,return_home
101,6,11,9,180,true,M4,200B,DP-200B-01,T0010,delivering
102,1,14,14,270,false,,,,,return_home
102,2,5,12,90,true,M3,130A,DP-130A-01,T0001,delivering
102,3,17,9,90,false,,,,,to_pickup
102,4,15,9,180,true,M1,200C,DP-200C-01,T0011,delivering
102,5,18,7,90,false,,,,,return_home
102,6,10,9,180,true,M4,200B,DP-200B-01,T0010,delivering
103,1,14,13,270,false,,,,,return_home
103,2,5,13,90,true,M3,130A,DP-130A-01,T0001,delivering
103,3,17,9,90,false,,,,,loading
103,4,14,9,180,true,M1,200C,DP-200C-01,T0011,delivering
103,5,19,7,90,false,,,,,return_home
103,6,9,9,180,true,M4,200B,DP-200B-01,T0010,delivering
104,1,14,12,270,false,,,,,return_home
104,2,5,14,90,true,M3,130A,DP-130A-01,T0001,delivering
104,3,17,9,90,false,,,,,loading
104,4,13,9,180,true,M1,200C,DP-200C-01,T0011,delivering
104,5,20,7,90,false,,,,,return_home
104,6,8,9,180,true,M4,200B,DP-200B-01,T0010,delivering
105,1,14,11,270,false,,,,,return_home
105,2,4,14,180,true,M3,130A,DP-130A-01,T0001,delivering
105,3,16,9,180,true,M1,209B,DP-209B-01,T0014,delivering
105,4,12,9,180,true,M1,200C,DP-200C-01,T0011,delivering
105,5,19,7,180,false,,,,,to_pickup
105,6,7,9,180,true,M4,200B,DP-200B-01,T0010,delivering
106,1,14,10,270,false,,,,,return_home
106,2,4,15,90,true,M3,130A,DP-130A-01,T0001,delivering
106,3,15,9,180,true,M1,209B,DP-209B-01,T0014,delivering
106,4,11,9,180,true,M1,200C,DP-200C-01,T0011,delivering
106,5,18,7,180,false,,,,,to_pickup
106,6,7,9,180,true,M4,200B,DP-200B-01,T0010,unloading
107,1,15,10,270,false,,,,,return_home
107,2,4,15,90,true,M3,130A,DP-130A-01,T0001,unloading
107,3,14,9,180,true,M1,209B,DP-209B-01,T0014,delivering
107,4,10,9,180,true,M1,200C,DP-200C-01,T0011,delivering
107,5,17,7,180,false,,,,,to_pickup
107,6,7,9,180,true,M4,200B,DP-200B-01,T0010,unloading
108,1,15,9,270,false,,,,,return_home
108,2,4,15,90,true,M3,130A,DP-130A-01,T0001,unloading
108,3,13,9,180,true,M1,209B,DP-209B-01,T0014,delivering
108,4,10,9,180,true,M1,200C,DP-200C-01,T0011,unloading
108,5,17,8,90,false,,,,,to_pickup
108,6,7,8,270,false,,,,,return_home
109,1,15,8,270,false,,,,,return_home
109,2,4,14,270,false,,,,,return_home
109,3,12,9,180,true,M1,209B,DP-209B-01,T0014,delivering
109,4,10,9,180,true,M1,200C,DP-200C-01,T0011,unloading
109,5,17,9,90,false,,,,,to_pickup
109,6,8,8,270,false,,,,,return_home
110,1,15,7,270,false,,,,,return_home
110,2,5,14,270,false,,,,,return_home
110,3,11,9,180,true,M1,209B,DP-209B-01,T0014,delivering
110,4,10,9,180,false,,,,,return_home
110,5,17,9,90,false,,,,,loading
110,6,8,7,270,false,,,,,return_home
111,1,16,7,270,false,,,,,return_home
111,2,5,13,270,false,,,,,return_home
111,3,11,8,270,true,M1,209B,DP-209B-01,T0014,delivering
111,4,11,9,180,false,,,,,return_home
111,5,17,9,90,false,,,,,loading
111,6,9,7,270,false,,,,,return_home
112,1,17,7,270,false,,,,,return_home
112,2,5,12,270,false,,,,,return_home
112,3,10,8,180,true,M1,209B,DP-209B-01,T0014,delivering
112,4,11,8,270,false,,,,,return_home
112,5,16,9,180,true,M5,130A,DP-130A-02,T0002,delivering
112,6,9,6,270,false,,,,,return_home
113,1,18,7,270,false,,,,,return_home
113,2,5,11,270,false,,,,,return_home
113,3,9,8,180,true,M1,209B,DP-209B-01,T0014,delivering
113,4,12,8,270,false,,,,,return_home
113,5,15,9,180,true,M5,130A,DP-130A-02,T0002,delivering
113,6,10,6,270,false,,,,,return_home
114,1,19,7,270,false,,,,,return_home
114,2,5,10,270,false,,,,,return_home
114,3,8,8,180,true,M1,209B,DP-209B-01,T0014,delivering
114,4,13,8,270,false,,,,,return_home
114,5,14,9,180,true,M5,130A,DP-130A-02,T0002,delivering
114,6,11,6,270,false,,,,,return_home
115,1,20,7,270,false,,,,,return_home
115,2,5,9,270,false,,,,,return_home
115,3,7,8,180,true,M1,209B,DP-209B-01,T0014,delivering
115,4,14,8,270,false,,,,,return_home
115,5,13,9,180,true,M5,130A,DP-130A-02,T0002,delivering
115,6,12,6,270,false,,,,,return_home
116,1,20,7,270,false,,,,,idle
116,2,6,9,270,false,,,,,return_home
116,3,7,8,180,true,M1,209B,DP-209B-01,T0014,unloading
116,4,14,7,270,false,,,,,return_home
116,5,12,9,180,true,M5,130A,DP-130A-02,T0002,delivering
116,6,13,6,270,false,,,,,return_home
117,1,20,7,270,false,,,,,idle
117,2,7,9,270,false,,,,,return_home
117,3,7,8,180,true,M1,209B,DP-209B-01,T0014,unloading
117,4,15,7,270,false,,,,,return_home
117,5,11,9,180,true,M5,130A,DP-130A-02,T0002,delivering
117,6,14,6,270,false,,,,,return_home
118,1,20,7,270,false,,,,,idle
118,2,8,9,270,false,,,,,return_home
118,3,8,8,180,false,,,,,return_home
118,4,16,7,270,false,,,,,return_home
118,5,11,10,90,true,M5,130A,DP-130A-02,T0002,delivering
118,6,14,7,90,false,,,,,return_home
119,1,20,7,270,false,,,,,idle
119,2,8,8,270,false,,,,,return_home
119,3,9,8,180,false,,,,,return_home
119,4,17,7,270,false,,,,,return_home
119,5,11,11,90,true,M5,130A,DP-130A-02,T0002,delivering
119,6,15,7,90,false,,,,,return_home
120,1,20,7,270,false,,,,,idle
120,2,9,8,270,false,,,,,return_home
120,3,10,8,180,false,,,,,return_home
120,4,18,7,270,false,,,,,return_home
120,5,10,11,180,true,M5,130A,DP-130A-02,T0002,delivering
120,6,16,7,90,false,,,,,return_home
121,1,20,7,270,false,,,,,idle
121,2,10,8,270,false,,,,,return_home
121,3,11,8,180,false,,,,,return_home
121,4,19,7,270,false,,,,,return_home
121,5,9,11,180,true,M5,130A,DP-130A-02,T0002,delivering
121,6,17,7,90,false,,,,,return_home
122,1,20,7,270,false,,,,,idle
122,2,11,8,270,false,,,,,return_home
122,3,12,8,180,false,,,,,return_home
122,4,20,7,270,false,,,,,return_home
122,5,8,11,180,true,M5,130A,DP-130A-02,T0002,delivering
122,6,18,7,90,false,,,,,return_home
123,1,20,7,270,false,,,,,idle
123,2,12,8,270,false,,,,,return_home
123,3,13,8,180,false,,,,,return_home
123,4,20,7,270,false,,,,,idle
123,5,8,12,90,true,M5,130A,DP-130A-02,T0002,delivering
123,6,19,7,90,false,,,,,return_home
124,1,20,7,270,false,,,,,idle
124,2,13,8,270,false,,,,,return_home
124,3,14,8,180,false,,,,,return_home
124,4,20,7,270,false,,,,,idle
124,5,8,13,90,true,M5,130A,DP-130A-02,T0002,delivering
124,6,20,7,90,false,,,,,return_home
125,1,20,7,270,false,,,,,idle
125,2,14,8,270,false,,,,,return_home
125,3,14,7,270,false,,,,,return_home
125,4,20,7,270,false,,,,,idle
125,5,8,14,90,true,M5,130A,DP-130A-02,T0002,delivering
125,6,20,7,90,false,,,,,idle
126,1,20,7,270,false,,,,,idle
126,2,14,7,270,false,,,,,return_home
126,3,15,7,270,false,,,,,return_home
126,4,20,7,270,false,,,,,idle
126,5,7,14,180,true,M5,130A,DP-130A-02,T0002,delivering
126,6,20,7,90,false,,,,,idle
127,1,20,7,270,false,,,,,idle
127,2,15,7,270,false,,,,,return_home
127,3,16,7,270,false,,,,,return_home
127,4,20,7,270,false,,,,,idle
127,5,7,15,90,true,M5,130A,DP-130A-02,T0002,delivering
127,6,20,7,90,false,,,,,idle
128,1,20,7,270,false,,,,,idle
128,2,16,7,270,false,,,,,return_home
128,3,17,7,270,false,,,,,return_home
128,4,20,7,270,false,,,,,idle
128,5,7,15,90,true,M5,130A,DP-130A-02,T0002,unloading
128,6,20,7,90,false,,,,,idle
129,1,20,7,270,false,,,,,idle
129,2,17,7,270,false,,,,,return_home
129,3,18,7,270,false,,,,,return_home
129,4,20,7,270,false,,,,,idle
129,5,7,15,90,true,M5,130A,DP-130A-02,T0002,unloading
129,6,20,7,90,false,,,,,idle
130,1,20,7,270,false,,,,,idle
130,2,18,7,270,false,,,,,return_home
130,3,19,7,270,false,,,,,return_home
130,4,20,7,270,false,,,,,idle
130,5,7,14,270,false,,,,,return_home
130,6,20,7,90,false,,,,,idle
131,1,20,7,270,false,,,,,idle
131,2,19,7,270,false,,,,,return_home
131,3,20,7,270,false,,,,,return_home
131,4,20,7,270,false,,,,,idle
131,5,8,14,270,false,,,,,return_home
131,6,20,7,90,false,,,,,idle
132,1,20,7,270,false,,,,,idle
132,2,20,7,270,false,,,,,return_home
132,3,20,7,270,false,,,,,idle
132,4,20,7,270,false,,,,,idle
132,5,8,13,270,false,,,,,return_home
132,6,20,7,90,false,,,,,idle
133,1,20,7,270,false,,,,,idle
133,2,20,7,270,false,,,,,idle
133,3,20,7,270,false,,,,,idle
133,4,20,7,270,false,,,,,idle
133,5,8,12,270,false,,,,,return_home
133,6,20,7,90,false,,,,,idle
134,1,20,7,270,false,,,,,idle
134,2,20,7,270,false,,,,,idle
134,3,20,7,270,false,,,,,idle
134,4,20,7,270,false,,,,,idle
134,5,8,11,270,false,,,,,return_home
134,6,20,7,90,false,,,,,idle
135,1,20,7,270,false,,,,,idle
135,2,20,7,270,false,,,,,idle
135,3,20,7,270,false,,,,,idle
135,4,20,7,270,false,,,,,idle
135,5,8,10,270,false,,,,,return_home
135,6,20,7,90,false,,,,,idle
136,1,20,7,270,false,,,,,idle
136,2,20,7,270,false,,,,,idle
136,3,20,7,270,false,,,,,idle
136,4,20,7,270,false,,,,,idle
136,5,8,9,270,false,,,,,return_home
136,6,20,7,90,false,,,,,idle
137,1,20,7,270,false,,,,,idle
137,2,20,7,270,false,,,,,idle
137,3,20,7,270,false,,,,,idle
137,4,20,7,270,false,,,,,idle
137,5,8,8,270,false,,,,,return_home
137,6,20,7,90,false,,,,,idle
138,1,20,7,270,false,,,,,idle
138,2,20,7,270,false,,,,,idle
138,3,20,7,270,false,,,,,idle
138,4,20,7,270,false,,,,,idle
138,5,9,8,270,false,,,,,return_home
138,6,20,7,90,false,,,,,idle
139,1,20,7,270,false,,,,,idle
139,2,20,7,270,false,,,,,idle
139,3,20,7,270,false,,,,,idle
139,4,20,7,270,false,,,,,idle
139,5,10,8,270,false,,,,,return_home
139,6,20,7,90,false,,,,,idle
140,1,20,7,270,false,,,,,idle
140,2,20,7,270,false,,,,,idle
140,3,20,7,270,false,,,,,idle
140,4,20,7,270,false,,,,,idle
140,5,11,8,270,false,,,,,return_home
140,6,20,7,90,false,,,,,idle
141,1,20,7,270,false,,,,,idle
141,2,20,7,270,false,,,,,idle
141,3,20,7,270,false,,,,,idle
141,4,20,7,270,false,,,,,idle
141,5,12,8,270,false,,,,,return_home
141,6,20,7,90,false,,,,,idle
142,1,20,7,270,false,,,,,idle
142,2,20,7,270,false,,,,,idle
142,3,20,7,270,false,,,,,idle
142,4,20,7,270,false,,,,,idle
142,5,13,8,270,false,,,,,return_home
142,6,20,7,90,false,,,,,idle
143,1,20,7,270,false,,,,,idle
143,2,20,7,270,false,,,,,idle
143,3,20,7,270,false,,,,,idle
143,4,20,7,270,false,,,,,idle
143,5,14,8,270,false,,,,,return_home
143,6,20,7,90,false,,,,,idle
144,1,20,7,270,false,,,,,idle
144,2,20,7,270,false,,,,,idle
144,3,20,7,270,false,,,,,idle
144,4,20,7,270,false,,,,,idle
144,5,14,7,270,false,,,,,return_home
144,6,20,7,90,false,,,,,idle
145,1,20,7,270,false,,,,,idle
145,2,20,7,270,false,,,,,idle
145,3,20,7,270,false,,,,,idle
145,4,20,7,270,false,,,,,idle
145,5,15,7,270,false,,,,,return_home
145,6,20,7,90,false,,,,,idle
146,1,20,7,270,false,,,,,idle
146,2,20,7,270,false,,,,,idle
146,3,20,7,270,false,,,,,idle
146,4,20,7,270,false,,,,,idle
146,5,16,7,270,false,,,,,return_home
146,6,20,7,90,false,,,,,idle
147,1,20,7,270,false,,,,,idle
147,2,20,7,270,false,,,,,idle
147,3,20,7,270,false,,,,,idle
147,4,20,7,270,false,,,,,idle
147,5,17,7,270,false,,,,,return_home
147,6,20,7,90,false,,,,,idle
148,1,20,7,270,false,,,,,idle
148,2,20,7,270,false,,,,,idle
148,3,20,7,270,false,,,,,idle
148,4,20,7,270,false,,,,,idle
148,5,18,7,270,false,,,,,return_home
148,6,20,7,90,false,,,,,idle
149,1,20,7,270,false,,,,,idle
149,2,20,7,270,false,,,,,idle
149,3,20,7,270,false,,,,,idle
149,4,20,7,270,false,,,,,idle
149,5,19,7,270,false,,,,,return_home
149,6,20,7,90,false,,,,,idle
150,1,20,7,270,false,,,,,idle
150,2,20,7,270,false,,,,,idle
150,3,20,7,270,false,,,,,idle
150,4,20,7,270,false,,,,,idle
150,5,20,7,270,false,,,,,return_home
150,6,20,7,90,false,,,,,idle
